text,source,date
"The new government policy is excellent and will benefit everyone",Social Media,2024-01-15
"I'm concerned about the recent changes in foreign relations",News Comment,2024-01-16
"This initiative shows great leadership and vision",Official Statement,2024-01-17
"The economic situation seems uncertain",Forum Post,2024-01-18
"Outstanding work by the administration",Press Release,2024-01-19
"Not sure about the effectiveness of this approach",Survey Response,2024-01-20
"Brilliant strategic move that will strengthen our position",Analysis Report,2024-01-21
"There are some issues that need to be addressed",Feedback Form,2024-01-22
"Impressive results from the new programs",Performance Review,2024-01-23
"The situation requires careful monitoring",Intelligence Brief,2024-01-24